UnixTimeSeconds;Frame;CaptureTime;LogTime;HMDPosition;HMDRotation;GazeStatus;CombinedGazeForward;CombinedGazePosition;InterPupillaryDistanceInMM;LeftEyeStatus;LeftEyeForward;LeftEyePosition;LeftPupilIrisDiameterRatio;LeftPupilDiameterInMM;LeftIrisDiameterInMM;RightEyeStatus;RightEyeForward;RightEyePosition;RightPupilIrisDiameterRatio;RightPupilDiameterInMM;RightIrisDiameterInMM;FocusDistance;FocusStability;FocusName;EmperorsRating - UnixTimeSeconds;RatingHand;CurrentRotation;CurrentHumanReadableRotation
1726049699;543176;1001989767995488440;63861653699147;(-0.606, 0.783, 1.975);(0.023, -0.148, -0.010, 0.989);INVALID;;;;INVALID;;;;;;INVALID;;;;;;;;NULL;0;Right;(0.000, 0.000, 0.000, 0.000);(0.000, 0.000, 0.000)
1726049699;543196;1001989768095529762;63861653699147;(-0.606, 0.783, 1.975);(0.023, -0.148, -0.010, 0.989);INVALID;;;;INVALID;;;;;;INVALID;;;;;;;;NULL;0;Right;(0.000, 0.000, 0.000, 0.000);(0.000, 0.000, 0.000)
1726049699;543216;1001989768195567875;63861653699147;(-0.606, 0.783, 1.975);(0.023, -0.148, -0.010, 0.989);INVALID;;;;INVALID;;;;;;INVALID;;;;;;;;NULL;0;Right;(0.000, 0.000, 0.000, 0.000);(0.000, 0.000, 0.000)
1726049699;543236;1001989768295603871;63861653699147;(-0.606, 0.783, 1.975);(0.023, -0.148, -0.010, 0.989);INVALID;;;;INVALID;;;;;;INVALID;;;;;;;;NULL;0;Right;(0.000, 0.000, 0.000, 0.000);(0.000, 0.000, 0.000)
1726049699;543256;1001989768395645907;63861653699147;(-0.606, 0.783, 1.975);(0.023, -0.148, -0.010, 0.989);INVALID;;;;INVALID;;;;;;INVALID;;;;;;;;NULL;0;Right;(0.000, 0.000, 0.000, 0.000);(0.000, 0.000, 0.000)
1726049699;543276;1001989768495685443;63861653699356;(-0.606, 0.783, 1.975);(0.023, -0.147, -0.010, 0.989);INVALID;;;;INVALID;;;;;;INVALID;;;;;;;;NULL;0;Right;(0.000, 0.000, 0.000, 0.000);(0.000, 0.000, 0.000)
1726049699;543296;1001989768595722566;63861653699356;(-0.606, 0.783, 1.975);(0.023, -0.147, -0.010, 0.989);INVALID;;;;INVALID;;;;;;INVALID;;;;;;;;NULL;0;Right;(0.000, 0.000, 0.000, 0.000);(0.000, 0.000, 0.000)
1726049699;543316;1001989768695757478;63861653699356;(-0.606, 0.783, 1.975);(0.023, -0.147, -0.010, 0.989);INVALID;;;;INVALID;;;;;;INVALID;;;;;;;;NULL;0;Right;(0.000, 0.000, 0.000, 0.000);(0.000, 0.000, 0.000)
1726049699;543336;1001989768795798135;63861653699734;(-0.606, 0.783, 1.975);(0.023, -0.148, -0.010, 0.989);INVALID;;;;INVALID;;;;;;INVALID;;;;;;;;NULL;0;Right;(0.000, 0.000, 0.000, 0.000);(0.000, 0.000, 0.000)
1726049699;543356;1001989768895836143;63861653699734;(-0.606, 0.783, 1.975);(0.023, -0.148, -0.010, 0.989);INVALID;;;;INVALID;;;;;;INVALID;;;;;;;;NULL;0;Right;(0.000, 0.000, 0.000, 0.000);(0.000, 0.000, 0.000)
1726049699;543376;1001989768995871786;63861653699734;(-0.606, 0.783, 1.975);(0.023, -0.148, -0.010, 0.989);INVALID;;;;INVALID;;;;;;INVALID;;;;;;;;NULL;0;Right;(0.000, 0.000, 0.000, 0.000);(0.000, 0.000, 0.000)
1726049699;543396;1001989769095913547;63861653699766;(-0.606, 0.783, 1.975);(0.023, -0.147, -0.010, 0.989);INVALID;;;;INVALID;;;;;;INVALID;;;;;;;;NULL;0;Right;(0.000, 0.000, 0.000, 0.000);(0.000, 0.000, 0.000)
1726049699;543416;1001989769195953020;63861653699864;(-0.606, 0.783, 1.975);(0.023, -0.147, -0.010, 0.989);INVALID;;;;INVALID;;;;;;INVALID;;;;;;;;NULL;0;Right;(0.000, 0.000, 0.000, 0.000);(0.000, 0.000, 0.000)
1726049699;543436;1001989769295992428;63861653699965;(-0.606, 0.783, 1.975);(0.023, -0.148, -0.010, 0.989);INVALID;;;;INVALID;;;;;;INVALID;;;;;;;;NULL;0;Right;(0.000, 0.000, 0.000, 0.000);(0.000, 0.000, 0.000)
1726049700;543456;1001989769396026746;63861653700066;(-0.606, 0.783, 1.975);(0.023, -0.148, -0.010, 0.989);INVALID;;;;INVALID;;;;;;INVALID;;;;;;;;NULL;0;Right;(0.000, 0.000, 0.000, 0.000);(0.000, 0.000, 0.000)
1726049700;543476;1001989769496067391;63861653700174;(-0.606, 0.783, 1.975);(0.023, -0.148, -0.010, 0.989);INVALID;;;;INVALID;;;;;;INVALID;;;;;;;;NULL;0;Right;(0.000, 0.000, 0.000, 0.000);(0.000, 0.000, 0.000)
1726049700;543496;1001989769596106714;63861653700263;(-0.606, 0.783, 1.975);(0.023, -0.148, -0.010, 0.989);INVALID;;;;INVALID;;;;;;INVALID;;;;;;;;NULL;0;Right;(0.000, 0.000, 0.000, 0.000);(0.000, 0.000, 0.000)
1726049700;543516;1001989769696142982;63861653700375;(-0.606, 0.783, 1.975);(0.023, -0.148, -0.010, 0.989);INVALID;;;;INVALID;;;;;;INVALID;;;;;;;;NULL;0;Right;(0.000, 0.000, 0.000, 0.000);(0.000, 0.000, 0.000)
1726049700;543536;1001989769796185072;63861653700464;(-0.606, 0.783, 1.975);(0.023, -0.147, -0.010, 0.989);INVALID;;;;INVALID;;;;;;INVALID;;;;;;;;NULL;0;Right;(0.000, 0.000, 0.000, 0.000);(0.000, 0.000, 0.000)
1726049700;543556;1001989769896224664;63861653700552;(-0.606, 0.783, 1.975);(0.023, -0.147, -0.010, 0.989);INVALID;;;;INVALID;;;;;;INVALID;;;;;;;;NULL;0;Right;(0.000, 0.000, 0.000, 0.000);(0.000, 0.000, 0.000)
1726049700;543576;1001989769996262275;63861653700663;(-0.606, 0.783, 1.975);(0.023, -0.147, -0.010, 0.989);INVALID;;;;INVALID;;;;;;INVALID;;;;;;;;NULL;0;Right;(0.000, 0.000, 0.000, 0.000);(0.000, 0.000, 0.000)
1726049700;543596;1001989770096305457;63861653700776;(-0.606, 0.783, 1.975);(0.023, -0.147, -0.010, 0.989);INVALID;;;;INVALID;;;;;;INVALID;;;;;;;;NULL;0;Right;(0.000, 0.000, 0.000, 0.000);(0.000, 0.000, 0.000)
1726049700;543616;1001989770196347830;63861653700862;(-0.606, 0.783, 1.975);(0.023, -0.148, -0.010, 0.989);INVALID;;;;INVALID;;;;;;INVALID;;;;;;;;NULL;0;Right;(0.000, 0.000, 0.000, 0.000);(0.000, 0.000, 0.000)
1726049700;543636;1001989770296385765;63861653700973;(-0.606, 0.783, 1.975);(0.023, -0.147, -0.009, 0.989);INVALID;;;;INVALID;;;;;;INVALID;;;;;;;;NULL;0;Right;(0.000, 0.000, 0.000, 0.000);(0.000, 0.000, 0.000)
1726049701;543656;1001989770396422318;63861653701063;(-0.606, 0.783, 1.975);(0.023, -0.147, -0.010, 0.989);INVALID;;;;INVALID;;;;;;INVALID;;;;;;;;NULL;0;Right;(0.000, 0.000, 0.000, 0.000);(0.000, 0.000, 0.000)
1726049701;543676;1001989770496463816;63861653701174;(-0.606, 0.783, 1.975);(0.023, -0.147, -0.010, 0.989);INVALID;;;;INVALID;;;;;;INVALID;;;;;;;;NULL;0;Right;(0.000, 0.000, 0.000, 0.000);(0.000, 0.000, 0.000)
1726049701;543696;1001989770596502287;63861653701288;(-0.606, 0.783, 1.975);(0.023, -0.147, -0.009, 0.989);INVALID;;;;INVALID;;;;;;INVALID;;;;;;;;NULL;0;Right;(0.000, 0.000, 0.000, 0.000);(0.000, 0.000, 0.000)
1726049701;543716;1001989770696539910;63861653701373;(-0.606, 0.783, 1.975);(0.023, -0.148, -0.009, 0.989);INVALID;;;;INVALID;;;;;;INVALID;;;;;;;;NULL;0;Right;(0.000, 0.000, 0.000, 0.000);(0.000, 0.000, 0.000)
1726049701;543736;1001989770796581496;63861653701464;(-0.606, 0.783, 1.975);(0.023, -0.148, -0.009, 0.989);INVALID;;;;INVALID;;;;;;INVALID;;;;;;;;NULL;0;Right;(0.000, 0.000, 0.000, 0.000);(0.000, 0.000, 0.000)
1726049701;543756;1001989770896622139;63861653701553;(-0.606, 0.783, 1.975);(0.023, -0.147, -0.009, 0.989);INVALID;;;;INVALID;;;;;;INVALID;;;;;;;;NULL;0;Right;(0.000, 0.000, 0.000, 0.000);(0.000, 0.000, 0.000)
1726049701;543776;1001989770996660134;63861653701663;(-0.606, 0.783, 1.975);(0.023, -0.148, -0.009, 0.989);INVALID;;;;INVALID;;;;;;INVALID;;;;;;;;NULL;0;Right;(0.000, 0.000, 0.000, 0.000);(0.000, 0.000, 0.000)
1726049701;543796;1001989771096696261;63861653701774;(-0.606, 0.783, 1.975);(0.023, -0.147, -0.009, 0.989);INVALID;;;;INVALID;;;;;;INVALID;;;;;;;;NULL;0;Right;(0.000, 0.000, 0.000, 0.000);(0.000, 0.000, 0.000)
1726049701;543816;1001989771196736324;63861653701864;(-0.606, 0.783, 1.975);(0.023, -0.147, -0.010, 0.989);INVALID;;;;INVALID;;;;;;INVALID;;;;;;;;NULL;0;Right;(0.000, 0.000, 0.000, 0.000);(0.000, 0.000, 0.000)
1726049701;543836;1001989771296775043;63861653701975;(-0.606, 0.783, 1.975);(0.023, -0.148, -0.009, 0.989);INVALID;;;;INVALID;;;;;;INVALID;;;;;;;;NULL;0;Right;(0.000, 0.000, 0.000, 0.000);(0.000, 0.000, 0.000)
1726049702;543856;1001989771396811477;63861653702064;(-0.606, 0.783, 1.975);(0.023, -0.148, -0.009, 0.989);INVALID;;;;INVALID;;;;;;INVALID;;;;;;;;NULL;0;Right;(0.000, 0.000, 0.000, 0.000);(0.000, 0.000, 0.000)
1726049702;543876;1001989771496860284;63861653702174;(-0.606, 0.783, 1.975);(0.023, -0.148, -0.009, 0.989);INVALID;;;;INVALID;;;;;;INVALID;;;;;;;;NULL;0;Right;(0.000, 0.000, 0.000, 0.000);(0.000, 0.000, 0.000)
1726049702;543896;1001989771596899401;63861653702263;(-0.606, 0.783, 1.975);(0.023, -0.147, -0.010, 0.989);INVALID;;;;INVALID;;;;;;INVALID;;;;;;;;NULL;0;Right;(0.000, 0.000, 0.000, 0.000);(0.000, 0.000, 0.000)
1726049702;543916;1001989771696936280;63861653702374;(-0.606, 0.783, 1.975);(0.023, -0.148, -0.010, 0.989);INVALID;;;;INVALID;;;;;;INVALID;;;;;;;;NULL;0;Right;(0.000, 0.000, 0.000, 0.000);(0.000, 0.000, 0.000)
1726049702;543936;1001989771796978685;63861653702463;(-0.606, 0.783, 1.975);(0.023, -0.147, -0.009, 0.989);INVALID;;;;INVALID;;;;;;INVALID;;;;;;;;NULL;0;Right;(0.000, 0.000, 0.000, 0.000);(0.000, 0.000, 0.000)
1726049702;543956;1001989771897018384;63861653702574;(-0.606, 0.783, 1.975);(0.023, -0.147, -0.009, 0.989);INVALID;;;;INVALID;;;;;;INVALID;;;;;;;;NULL;0;Right;(0.000, 0.000, 0.000, 0.000);(0.000, 0.000, 0.000)
1726049702;543976;1001989771997055760;63861653702663;(-0.606, 0.783, 1.975);(0.023, -0.147, -0.009, 0.989);INVALID;;;;INVALID;;;;;;INVALID;;;;;;;;NULL;0;Right;(0.000, 0.000, 0.000, 0.000);(0.000, 0.000, 0.000)
1726049702;543996;1001989772097090171;63861653702771;(-0.606, 0.783, 1.975);(0.023, -0.147, -0.009, 0.989);INVALID;;;;INVALID;;;;;;INVALID;;;;;;;;NULL;0;Right;(0.000, 0.000, 0.000, 0.000);(0.000, 0.000, 0.000)
1726049702;544016;1001989772197132008;63861653702860;(-0.606, 0.783, 1.975);(0.023, -0.148, -0.009, 0.989);INVALID;;;;INVALID;;;;;;INVALID;;;;;;;;NULL;0;Right;(0.000, 0.000, 0.000, 0.000);(0.000, 0.000, 0.000)
1726049702;544036;1001989772297170481;63861653702974;(-0.606, 0.783, 1.975);(0.023, -0.148, -0.009, 0.989);INVALID;;;;INVALID;;;;;;INVALID;;;;;;;;NULL;0;Right;(0.000, 0.000, 0.000, 0.000);(0.000, 0.000, 0.000)
1726049703;544056;1001989772397207087;63861653703063;(-0.606, 0.783, 1.975);(0.023, -0.147, -0.009, 0.989);INVALID;;;;INVALID;;;;;;INVALID;;;;;;;;NULL;0;Right;(0.000, 0.000, 0.000, 0.000);(0.000, 0.000, 0.000)
1726049703;544076;1001989772497249452;63861653703175;(-0.606, 0.783, 1.975);(0.023, -0.147, -0.009, 0.989);INVALID;;;;INVALID;;;;;;INVALID;;;;;;;;NULL;0;Right;(0.000, 0.000, 0.000, 0.000);(0.000, 0.000, 0.000)
1726049703;544096;1001989772597288906;63861653703263;(-0.606, 0.783, 1.975);(0.023, -0.148, -0.009, 0.989);INVALID;;;;INVALID;;;;;;INVALID;;;;;;;;NULL;0;Right;(0.000, 0.000, 0.000, 0.000);(0.000, 0.000, 0.000)
1726049703;544116;1001989772697325624;63861653703374;(-0.606, 0.783, 1.975);(0.023, -0.148, -0.009, 0.989);INVALID;;;;INVALID;;;;;;INVALID;;;;;;;;NULL;0;Right;(0.000, 0.000, 0.000, 0.000);(0.000, 0.000, 0.000)
1726049703;544136;1001989772797360506;63861653703464;(-0.606, 0.783, 1.975);(0.023, -0.147, -0.009, 0.989);INVALID;;;;INVALID;;;;;;INVALID;;;;;;;;NULL;0;Right;(0.000, 0.000, 0.000, 0.000);(0.000, 0.000, 0.000)
1726049703;544156;1001989772897402568;63861653703574;(-0.606, 0.783, 1.975);(0.023, -0.147, -0.009, 0.989);INVALID;;;;INVALID;;;;;;INVALID;;;;;;;;NULL;0;Right;(0.000, 0.000, 0.000, 0.000);(0.000, 0.000, 0.000)
1726049703;544176;1001989772997439898;63861653703665;(-0.606, 0.783, 1.975);(0.023, -0.148, -0.009, 0.989);INVALID;;;;INVALID;;;;;;INVALID;;;;;;;;NULL;0;Right;(0.000, 0.000, 0.000, 0.000);(0.000, 0.000, 0.000)
1726049703;544196;1001989773097476008;63861653703776;(-0.606, 0.783, 1.975);(0.023, -0.147, -0.009, 0.989);INVALID;;;;INVALID;;;;;;INVALID;;;;;;;;NULL;0;Right;(0.000, 0.000, 0.000, 0.000);(0.000, 0.000, 0.000)
1726049703;544216;1001989773197517809;63861653703864;(-0.606, 0.783, 1.975);(0.023, -0.148, -0.009, 0.989);INVALID;;;;INVALID;;;;;;INVALID;;;;;;;;NULL;0;Right;(0.000, 0.000, 0.000, 0.000);(0.000, 0.000, 0.000)
1726049703;544236;1001989773297559885;63861653703975;(-0.606, 0.783, 1.975);(0.023, -0.148, -0.009, 0.989);INVALID;;;;INVALID;;;;;;INVALID;;;;;;;;NULL;0;Right;(0.000, 0.000, 0.000, 0.000);(0.000, 0.000, 0.000)
1726049704;544256;1001989773397596384;63861653704064;(-0.606, 0.783, 1.975);(0.023, -0.147, -0.009, 0.989);INVALID;;;;INVALID;;;;;;INVALID;;;;;;;;NULL;0;Right;(0.000, 0.000, 0.000, 0.000);(0.000, 0.000, 0.000)
1726049704;544276;1001989773497632501;63861653704175;(-0.606, 0.783, 1.975);(0.023, -0.147, -0.009, 0.989);INVALID;;;;INVALID;;;;;;INVALID;;;;;;;;NULL;0;Right;(0.000, 0.000, 0.000, 0.000);(0.000, 0.000, 0.000)
1726049704;544296;1001989773597673037;63861653704263;(-0.606, 0.783, 1.975);(0.023, -0.147, -0.009, 0.989);INVALID;;;;INVALID;;;;;;INVALID;;;;;;;;NULL;0;Right;(0.000, 0.000, 0.000, 0.000);(0.000, 0.000, 0.000)
1726049704;544316;1001989773697711588;63861653704376;(-0.606, 0.783, 1.975);(0.023, -0.148, -0.009, 0.989);INVALID;;;;INVALID;;;;;;INVALID;;;;;;;;NULL;0;Right;(0.000, 0.000, 0.000, 0.000);(0.000, 0.000, 0.000)
1726049704;544336;1001989773797746781;63861653704463;(-0.606, 0.783, 1.975);(0.023, -0.148, -0.009, 0.989);INVALID;;;;INVALID;;;;;;INVALID;;;;;;;;NULL;0;Right;(0.000, 0.000, 0.000, 0.000);(0.000, 0.000, 0.000)
1726049704;544356;1001989773897789374;63861653704574;(-0.606, 0.783, 1.975);(0.023, -0.148, -0.009, 0.989);INVALID;;;;INVALID;;;;;;INVALID;;;;;;;;NULL;0;Right;(0.000, 0.000, 0.000, 0.000);(0.000, 0.000, 0.000)
1726049704;544376;1001989773997828211;63861653704663;(-0.606, 0.783, 1.975);(0.023, -0.147, -0.009, 0.989);INVALID;;;;INVALID;;;;;;INVALID;;;;;;;;NULL;0;Right;(0.000, 0.000, 0.000, 0.000);(0.000, 0.000, 0.000)
1726049704;544396;1001989774097865170;63861653704775;(-0.606, 0.783, 1.975);(0.023, -0.147, -0.009, 0.989);INVALID;;;;INVALID;;;;;;INVALID;;;;;;;;NULL;0;Right;(0.000, 0.000, 0.000, 0.000);(0.000, 0.000, 0.000)
1726049704;544416;1001989774197907141;63861653704864;(-0.606, 0.783, 1.975);(0.023, -0.148, -0.009, 0.989);INVALID;;;;INVALID;;;;;;INVALID;;;;;;;;NULL;0;Right;(0.000, 0.000, 0.000, 0.000);(0.000, 0.000, 0.000)
1726049704;544436;1001989774297947895;63861653704974;(-0.606, 0.783, 1.975);(0.023, -0.148, -0.009, 0.989);INVALID;;;;INVALID;;;;;;INVALID;;;;;;;;NULL;0;Right;(0.000, 0.000, 0.000, 0.000);(0.000, 0.000, 0.000)
1726049705;544456;1001989774397984119;63861653705064;(-0.606, 0.783, 1.975);(0.023, -0.148, -0.009, 0.989);INVALID;;;;INVALID;;;;;;INVALID;;;;;;;;NULL;0;Right;(0.000, 0.000, 0.000, 0.000);(0.000, 0.000, 0.000)
1726049705;544476;1001989774498019672;63861653705175;(-0.606, 0.783, 1.975);(0.023, -0.148, -0.009, 0.989);INVALID;;;;INVALID;;;;;;INVALID;;;;;;;;NULL;0;Right;(0.000, 0.000, 0.000, 0.000);(0.000, 0.000, 0.000)
1726049705;544495;1001989774593057859;63861653705263;(-0.606, 0.783, 1.975);(0.023, -0.148, -0.009, 0.989);INVALID;;;;INVALID;;;;;;INVALID;;;;;;;;NULL;0;Right;(0.000, 0.000, 0.000, 0.000);(0.000, 0.000, 0.000)
1726049705;544515;1001989774693095812;63861653705352;(-0.606, 0.783, 1.975);(0.023, -0.148, -0.009, 0.989);INVALID;;;;INVALID;;;;;;INVALID;;;;;;;;NULL;0;Right;(0.000, 0.000, 0.000, 0.000);(0.000, 0.000, 0.000)
1726049705;544535;1001989774793131090;63861653705464;(-0.606, 0.783, 1.975);(0.023, -0.147, -0.009, 0.989);INVALID;;;;INVALID;;;;;;INVALID;;;;;;;;NULL;0;Right;(0.000, 0.000, 0.000, 0.000);(0.000, 0.000, 0.000)
1726049705;544555;1001989774893173870;63861653705553;(-0.606, 0.783, 1.975);(0.023, -0.147, -0.009, 0.989);INVALID;;;;INVALID;;;;;;INVALID;;;;;;;;NULL;0;Right;(0.000, 0.000, 0.000, 0.000);(0.000, 0.000, 0.000)
1726049705;544575;1001989774993212606;63861653705664;(-0.606, 0.783, 1.975);(0.023, -0.147, -0.009, 0.989);INVALID;;;;INVALID;;;;;;INVALID;;;;;;;;NULL;0;Right;(0.000, 0.000, 0.000, 0.000);(0.000, 0.000, 0.000)
1726049705;544595;1001989775093249418;63861653705752;(-0.606, 0.783, 1.975);(0.023, -0.147, -0.009, 0.989);INVALID;;;;INVALID;;;;;;INVALID;;;;;;;;NULL;0;Right;(0.000, 0.000, 0.000, 0.000);(0.000, 0.000, 0.000)
1726049705;544615;1001989775193283336;63861653705864;(-0.606, 0.783, 1.975);(0.023, -0.148, -0.009, 0.989);INVALID;;;;INVALID;;;;;;INVALID;;;;;;;;NULL;0;Right;(0.000, 0.000, 0.000, 0.000);(0.000, 0.000, 0.000)
1726049705;544635;1001989775293324238;63861653705952;(-0.606, 0.783, 1.975);(0.023, -0.148, -0.009, 0.989);INVALID;;;;INVALID;;;;;;INVALID;;;;;;;;NULL;0;Right;(0.000, 0.000, 0.000, 0.000);(0.000, 0.000, 0.000)
1726049706;544655;1001989775393362019;63861653706063;(-0.606, 0.783, 1.975);(0.023, -0.147, -0.009, 0.989);INVALID;;;;INVALID;;;;;;INVALID;;;;;;;;NULL;0;Right;(0.000, 0.000, 0.000, 0.000);(0.000, 0.000, 0.000)
1726049706;544675;1001989775493397940;63861653706153;(-0.606, 0.783, 1.975);(0.023, -0.148, -0.009, 0.989);INVALID;;;;INVALID;;;;;;INVALID;;;;;;;;NULL;0;Right;(0.000, 0.000, 0.000, 0.000);(0.000, 0.000, 0.000)
1726049706;544695;1001989775593439518;63861653706264;(-0.606, 0.783, 1.975);(0.023, -0.148, -0.009, 0.989);INVALID;;;;INVALID;;;;;;INVALID;;;;;;;;NULL;0;Right;(0.000, 0.000, 0.000, 0.000);(0.000, 0.000, 0.000)
1726049706;544715;1001989775693478740;63861653706353;(-0.606, 0.783, 1.975);(0.023, -0.148, -0.009, 0.989);INVALID;;;;INVALID;;;;;;INVALID;;;;;;;;NULL;0;Right;(0.000, 0.000, 0.000, 0.000);(0.000, 0.000, 0.000)
1726049706;544735;1001989775793515121;63861653706464;(-0.606, 0.783, 1.975);(0.023, -0.148, -0.009, 0.989);INVALID;;;;INVALID;;;;;;INVALID;;;;;;;;NULL;0;Right;(0.000, 0.000, 0.000, 0.000);(0.000, 0.000, 0.000)
1726049706;544755;1001989775893550593;63861653706553;(-0.606, 0.783, 1.975);(0.023, -0.148, -0.009, 0.989);INVALID;;;;INVALID;;;;;;INVALID;;;;;;;;NULL;0;Right;(0.000, 0.000, 0.000, 0.000);(0.000, 0.000, 0.000)
1726049706;544775;1001989775993590587;63861653706663;(-0.606, 0.783, 1.975);(0.023, -0.148, -0.009, 0.989);INVALID;;;;INVALID;;;;;;INVALID;;;;;;;;NULL;0;Right;(0.000, 0.000, 0.000, 0.000);(0.000, 0.000, 0.000)
1726049706;544795;1001989776093628840;63861653706753;(-0.606, 0.783, 1.975);(0.023, -0.148, -0.009, 0.989);INVALID;;;;INVALID;;;;;;INVALID;;;;;;;;NULL;0;Right;(0.000, 0.000, 0.000, 0.000);(0.000, 0.000, 0.000)
1726049706;544815;1001989776193664096;63861653706864;(-0.606, 0.783, 1.975);(0.023, -0.148, -0.009, 0.989);INVALID;;;;INVALID;;;;;;INVALID;;;;;;;;NULL;0;Right;(0.000, 0.000, 0.000, 0.000);(0.000, 0.000, 0.000)
1726049706;544835;1001989776293707164;63861653706952;(-0.606, 0.783, 1.975);(0.023, -0.148, -0.009, 0.989);INVALID;;;;INVALID;;;;;;INVALID;;;;;;;;NULL;0;Right;(0.000, 0.000, 0.000, 0.000);(0.000, 0.000, 0.000)
1726049707;544855;1001989776393745975;63861653707067;(-0.606, 0.783, 1.975);(0.023, -0.148, -0.009, 0.989);INVALID;;;;INVALID;;;;;;INVALID;;;;;;;;NULL;0;Right;(0.000, 0.000, 0.000, 0.000);(0.000, 0.000, 0.000)
1726049707;544875;1001989776493782769;63861653707151;(-0.606, 0.783, 1.975);(0.023, -0.147, -0.009, 0.989);INVALID;;;;INVALID;;;;;;INVALID;;;;;;;;NULL;0;Right;(0.000, 0.000, 0.000, 0.000);(0.000, 0.000, 0.000)
1726049707;544895;1001989776593825249;63861653707261;(-0.606, 0.783, 1.975);(0.023, -0.147, -0.009, 0.989);INVALID;;;;INVALID;;;;;;INVALID;;;;;;;;NULL;0;Right;(0.000, 0.000, 0.000, 0.000);(0.000, 0.000, 0.000)
1726049707;544915;1001989776693865467;63861653707390;(-0.606, 0.783, 1.975);(0.023, -0.147, -0.009, 0.989);INVALID;;;;INVALID;;;;;;INVALID;;;;;;;;NULL;0;Right;(0.000, 0.000, 0.000, 0.000);(0.000, 0.000, 0.000)
1726049707;544935;1001989776793903789;63861653707491;(-0.606, 0.784, 1.975);(0.023, -0.148, -0.009, 0.989);INVALID;;;;INVALID;;;;;;INVALID;;;;;;;;NULL;0;Right;(0.000, 0.000, 0.000, 0.000);(0.000, 0.000, 0.000)
1726049707;544955;1001989776893939591;63861653707570;(-0.606, 0.783, 1.975);(0.023, -0.148, -0.009, 0.989);INVALID;;;;INVALID;;;;;;INVALID;;;;;;;;NULL;0;Right;(0.000, 0.000, 0.000, 0.000);(0.000, 0.000, 0.000)
1726049707;544975;1001989776993980985;63861653707682;(-0.606, 0.783, 1.975);(0.023, -0.148, -0.009, 0.989);INVALID;;;;INVALID;;;;;;INVALID;;;;;;;;NULL;0;Right;(0.000, 0.000, 0.000, 0.000);(0.000, 0.000, 0.000)
1726049707;544995;1001989777094019486;63861653707792;(-0.606, 0.783, 1.975);(0.023, -0.147, -0.009, 0.989);INVALID;;;;INVALID;;;;;;INVALID;;;;;;;;NULL;0;Right;(0.000, 0.000, 0.000, 0.000);(0.000, 0.000, 0.000)
1726049707;545015;1001989777194055382;63861653707904;(-0.606, 0.783, 1.975);(0.023, -0.148, -0.009, 0.989);INVALID;;;;INVALID;;;;;;INVALID;;;;;;;;NULL;0;Right;(0.000, 0.000, 0.000, 0.000);(0.000, 0.000, 0.000)
1726049707;545035;1001989777294099395;63861653707958;(-0.606, 0.783, 1.975);(0.023, -0.147, -0.009, 0.989);INVALID;;;;INVALID;;;;;;INVALID;;;;;;;;NULL;0;Right;(0.000, 0.000, 0.000, 0.000);(0.000, 0.000, 0.000)
1726049708;545055;1001989777394138425;63861653708096;(-0.606, 0.783, 1.974);(0.023, -0.147, -0.009, 0.989);INVALID;;;;INVALID;;;;;;INVALID;;;;;;;;NULL;0;Right;(0.000, 0.000, 0.000, 0.000);(0.000, 0.000, 0.000)
1726049708;545075;1001989777494176053;63861653708163;(-0.606, 0.783, 1.975);(0.023, -0.148, -0.009, 0.989);INVALID;;;;INVALID;;;;;;INVALID;;;;;;;;NULL;0;Right;(0.000, 0.000, 0.000, 0.000);(0.000, 0.000, 0.000)
1726049708;545095;1001989777594210874;63861653708261;(-0.606, 0.783, 1.975);(0.023, -0.147, -0.009, 0.989);INVALID;;;;INVALID;;;;;;INVALID;;;;;;;;NULL;0;Right;(0.000, 0.000, 0.000, 0.000);(0.000, 0.000, 0.000)
1726049708;545115;1001989777694252022;63861653708361;(-0.606, 0.783, 1.975);(0.023, -0.147, -0.009, 0.989);INVALID;;;;INVALID;;;;;;INVALID;;;;;;;;NULL;0;Right;(0.000, 0.000, 0.000, 0.000);(0.000, 0.000, 0.000)
1726049708;545135;1001989777794291526;63861653708462;(-0.606, 0.783, 1.975);(0.023, -0.148, -0.009, 0.989);INVALID;;;;INVALID;;;;;;INVALID;;;;;;;;NULL;0;Right;(0.000, 0.000, 0.000, 0.000);(0.000, 0.000, 0.000)
1726049708;545155;1001989777894328719;63861653708563;(-0.606, 0.783, 1.975);(0.023, -0.147, -0.009, 0.989);INVALID;;;;INVALID;;;;;;INVALID;;;;;;;;NULL;0;Right;(0.000, 0.000, 0.000, 0.000);(0.000, 0.000, 0.000)
1726049708;545175;1001989777994372000;63861653708664;(-0.606, 0.783, 1.975);(0.023, -0.147, -0.009, 0.989);INVALID;;;;INVALID;;;;;;INVALID;;;;;;;;NULL;0;Right;(0.000, 0.000, 0.000, 0.000);(0.000, 0.000, 0.000)
1726049708;545195;1001989778094413173;63861653708764;(-0.606, 0.783, 1.975);(0.023, -0.147, -0.009, 0.989);INVALID;;;;INVALID;;;;;;INVALID;;;;;;;;NULL;0;Right;(0.000, 0.000, 0.000, 0.000);(0.000, 0.000, 0.000)
1726049708;545215;1001989778194450651;63861653708863;(-0.606, 0.783, 1.975);(0.023, -0.148, -0.009, 0.989);INVALID;;;;INVALID;;;;;;INVALID;;;;;;;;NULL;0;Right;(0.000, 0.000, 0.000, 0.000);(0.000, 0.000, 0.000)
1726049708;545235;1001989778294493963;63861653708952;(-0.606, 0.783, 1.975);(0.022, -0.148, -0.009, 0.989);INVALID;;;;INVALID;;;;;;INVALID;;;;;;;;NULL;0;Right;(0.000, 0.000, 0.000, 0.000);(0.000, 0.000, 0.000)
1726049709;545255;1001989778394535165;63861653709064;(-0.606, 0.783, 1.975);(0.023, -0.148, -0.009, 0.989);INVALID;;;;INVALID;;;;;;INVALID;;;;;;;;NULL;0;Right;(0.000, 0.000, 0.000, 0.000);(0.000, 0.000, 0.000)
1726049709;545275;1001989778494573139;63861653709152;(-0.606, 0.783, 1.975);(0.023, -0.147, -0.009, 0.989);INVALID;;;;INVALID;;;;;;INVALID;;;;;;;;NULL;0;Right;(0.000, 0.000, 0.000, 0.000);(0.000, 0.000, 0.000)
1726049709;545295;1001989778594608617;63861653709261;(-0.606, 0.783, 1.975);(0.022, -0.147, -0.009, 0.989);INVALID;;;;INVALID;;;;;;INVALID;;;;;;;;NULL;0;Right;(0.000, 0.000, 0.000, 0.000);(0.000, 0.000, 0.000)
1726049709;545315;1001989778694650981;63861653709351;(-0.606, 0.783, 1.975);(0.022, -0.147, -0.009, 0.989);INVALID;;;;INVALID;;;;;;INVALID;;;;;;;;NULL;0;Right;(0.000, 0.000, 0.000, 0.000);(0.000, 0.000, 0.000)
1726049709;545335;1001989778794691178;63861653709452;(-0.606, 0.783, 1.975);(0.022, -0.148, -0.009, 0.989);INVALID;;;;INVALID;;;;;;INVALID;;;;;;;;NULL;0;Right;(0.000, 0.000, 0.000, 0.000);(0.000, 0.000, 0.000)
1726049709;545355;1001989778894729600;63861653709552;(-0.606, 0.783, 1.975);(0.023, -0.148, -0.009, 0.989);INVALID;;;;INVALID;;;;;;INVALID;;;;;;;;NULL;0;Right;(0.000, 0.000, 0.000, 0.000);(0.000, 0.000, 0.000)
1726049709;545375;1001989778994776392;63861653709652;(-0.606, 0.783, 1.975);(0.022, -0.147, -0.009, 0.989);INVALID;;;;INVALID;;;;;;INVALID;;;;;;;;NULL;0;Right;(0.000, 0.000, 0.000, 0.000);(0.000, 0.000, 0.000)
1726049709;545395;1001989779094815563;63861653709762;(-0.606, 0.783, 1.975);(0.023, -0.148, -0.009, 0.989);INVALID;;;;INVALID;;;;;;INVALID;;;;;;;;NULL;0;Right;(0.000, 0.000, 0.000, 0.000);(0.000, 0.000, 0.000)
1726049709;545415;1001989779194852118;63861653709852;(-0.606, 0.783, 1.975);(0.023, -0.148, -0.009, 0.989);INVALID;;;;INVALID;;;;;;INVALID;;;;;;;;NULL;0;Right;(0.000, 0.000, 0.000, 0.000);(0.000, 0.000, 0.000)
1726049709;545435;1001989779294886044;63861653709963;(-0.606, 0.783, 1.975);(0.023, -0.148, -0.009, 0.989);INVALID;;;;INVALID;;;;;;INVALID;;;;;;;;NULL;0;Right;(0.000, 0.000, 0.000, 0.000);(0.000, 0.000, 0.000)
1726049710;545455;1001989779394926471;63861653710051;(-0.606, 0.783, 1.975);(0.023, -0.147, -0.009, 0.989);INVALID;;;;INVALID;;;;;;INVALID;;;;;;;;NULL;0;Right;(0.000, 0.000, 0.000, 0.000);(0.000, 0.000, 0.000)
1726049710;545475;1001989779494964318;63861653710163;(-0.606, 0.783, 1.975);(0.023, -0.148, -0.009, 0.989);INVALID;;;;INVALID;;;;;;INVALID;;;;;;;;NULL;0;Right;(0.000, 0.000, 0.000, 0.000);(0.000, 0.000, 0.000)
1726049710;545495;1001989779595000220;63861653710251;(-0.606, 0.783, 1.975);(0.023, -0.147, -0.009, 0.989);INVALID;;;;INVALID;;;;;;INVALID;;;;;;;;NULL;0;Right;(0.000, 0.000, 0.000, 0.000);(0.000, 0.000, 0.000)
1726049710;545515;1001989779695042021;63861653710364;(-0.606, 0.783, 1.975);(0.023, -0.148, -0.009, 0.989);INVALID;;;;INVALID;;;;;;INVALID;;;;;;;;NULL;0;Right;(0.000, 0.000, 0.000, 0.000);(0.000, 0.000, 0.000)
1726049710;545535;1001989779795081438;63861653710452;(-0.606, 0.783, 1.975);(0.023, -0.147, -0.009, 0.989);INVALID;;;;INVALID;;;;;;INVALID;;;;;;;;NULL;0;Right;(0.000, 0.000, 0.000, 0.000);(0.000, 0.000, 0.000)
1726049710;545555;1001989779895117975;63861653710562;(-0.606, 0.783, 1.975);(0.023, -0.147, -0.009, 0.989);INVALID;;;;INVALID;;;;;;INVALID;;;;;;;;NULL;0;Right;(0.000, 0.000, 0.000, 0.000);(0.000, 0.000, 0.000)
1726049710;545575;1001989779995152072;63861653710652;(-0.606, 0.783, 1.975);(0.023, -0.148, -0.009, 0.989);INVALID;;;;INVALID;;;;;;INVALID;;;;;;;;NULL;0;Right;(0.000, 0.000, 0.000, 0.000);(0.000, 0.000, 0.000)
1726049710;545595;1001989780095192316;63861653710763;(-0.606, 0.783, 1.975);(0.023, -0.147, -0.009, 0.989);INVALID;;;;INVALID;;;;;;INVALID;;;;;;;;NULL;0;Right;(0.000, 0.000, 0.000, 0.000);(0.000, 0.000, 0.000)
1726049710;545615;1001989780195230361;63861653710852;(-0.606, 0.783, 1.975);(0.023, -0.148, -0.009, 0.989);INVALID;;;;INVALID;;;;;;INVALID;;;;;;;;NULL;0;Right;(0.000, 0.000, 0.000, 0.000);(0.000, 0.000, 0.000)
1726049710;545635;1001989780295265276;63861653710964;(-0.606, 0.783, 1.975);(0.023, -0.148, -0.009, 0.989);INVALID;;;;INVALID;;;;;;INVALID;;;;;;;;NULL;0;Right;(0.000, 0.000, 0.000, 0.000);(0.000, 0.000, 0.000)
1726049711;545655;1001989780395306866;63861653711053;(-0.606, 0.783, 1.975);(0.023, -0.147, -0.009, 0.989);INVALID;;;;INVALID;;;;;;INVALID;;;;;;;;NULL;0;Right;(0.000, 0.000, 0.000, 0.000);(0.000, 0.000, 0.000)
1726049711;545675;1001989780495345370;63861653711166;(-0.606, 0.783, 1.975);(0.023, -0.148, -0.009, 0.989);INVALID;;;;INVALID;;;;;;INVALID;;;;;;;;NULL;0;Right;(0.000, 0.000, 0.000, 0.000);(0.000, 0.000, 0.000)
1726049711;545695;1001989780595381911;63861653711252;(-0.606, 0.783, 1.975);(0.023, -0.148, -0.009, 0.989);INVALID;;;;INVALID;;;;;;INVALID;;;;;;;;NULL;0;Right;(0.000, 0.000, 0.000, 0.000);(0.000, 0.000, 0.000)
1726049711;545715;1001989780695425481;63861653711363;(-0.606, 0.783, 1.975);(0.023, -0.148, -0.009, 0.989);INVALID;;;;INVALID;;;;;;INVALID;;;;;;;;NULL;0;Right;(0.000, 0.000, 0.000, 0.000);(0.000, 0.000, 0.000)
1726049711;545735;1001989780795465102;63861653711453;(-0.606, 0.783, 1.975);(0.023, -0.148, -0.009, 0.989);INVALID;;;;INVALID;;;;;;INVALID;;;;;;;;NULL;0;Right;(0.000, 0.000, 0.000, 0.000);(0.000, 0.000, 0.000)
1726049711;545755;1001989780895502753;63861653711563;(-0.606, 0.783, 1.975);(0.023, -0.148, -0.009, 0.989);INVALID;;;;INVALID;;;;;;INVALID;;;;;;;;NULL;0;Right;(0.000, 0.000, 0.000, 0.000);(0.000, 0.000, 0.000)
1726049711;545775;1001989780995537789;63861653711653;(-0.606, 0.783, 1.975);(0.023, -0.148, -0.009, 0.989);INVALID;;;;INVALID;;;;;;INVALID;;;;;;;;NULL;0;Right;(0.000, 0.000, 0.000, 0.000);(0.000, 0.000, 0.000)
1726049711;545795;1001989781095579024;63861653711762;(-0.606, 0.783, 1.975);(0.023, -0.147, -0.009, 0.989);INVALID;;;;INVALID;;;;;;INVALID;;;;;;;;NULL;0;Right;(0.000, 0.000, 0.000, 0.000);(0.000, 0.000, 0.000)
1726049711;545815;1001989781195617189;63861653711874;(-0.606, 0.783, 1.975);(0.023, -0.148, -0.009, 0.989);INVALID;;;;INVALID;;;;;;INVALID;;;;;;;;NULL;0;Right;(0.000, 0.000, 0.000, 0.000);(0.000, 0.000, 0.000)
1726049711;545835;1001989781295652832;63861653711964;(-0.606, 0.783, 1.975);(0.023, -0.148, -0.009, 0.989);INVALID;;;;INVALID;;;;;;INVALID;;;;;;;;NULL;0;Right;(0.000, 0.000, 0.000, 0.000);(0.000, 0.000, 0.000)
1726049712;545855;1001989781395695785;63861653712053;(-0.606, 0.783, 1.975);(0.023, -0.148, -0.009, 0.989);INVALID;;;;INVALID;;;;;;INVALID;;;;;;;;NULL;0;Right;(0.000, 0.000, 0.000, 0.000);(0.000, 0.000, 0.000)
1726049712;545875;1001989781495736612;63861653712156;(-0.606, 0.783, 1.975);(0.023, -0.147, -0.009, 0.989);INVALID;;;;INVALID;;;;;;INVALID;;;;;;;;NULL;0;Right;(0.000, 0.000, 0.000, 0.000);(0.000, 0.000, 0.000)
1726049712;545895;1001989781595773258;63861653712268;(-0.606, 0.783, 1.975);(0.023, -0.148, -0.009, 0.989);INVALID;;;;INVALID;;;;;;INVALID;;;;;;;;NULL;0;Right;(0.000, 0.000, 0.000, 0.000);(0.000, 0.000, 0.000)
1726049712;545915;1001989781695806787;63861653712364;(-0.606, 0.783, 1.975);(0.023, -0.147, -0.009, 0.989);INVALID;;;;INVALID;;;;;;INVALID;;;;;;;;NULL;0;Right;(0.000, 0.000, 0.000, 0.000);(0.000, 0.000, 0.000)
1726049712;545935;1001989781795846843;63861653712455;(-0.606, 0.783, 1.975);(0.023, -0.148, -0.009, 0.989);INVALID;;;;INVALID;;;;;;INVALID;;;;;;;;NULL;0;Right;(0.000, 0.000, 0.000, 0.000);(0.000, 0.000, 0.000)
1726049712;545955;1001989781895884237;63861653712563;(-0.606, 0.783, 1.975);(0.023, -0.148, -0.009, 0.989);INVALID;;;;INVALID;;;;;;INVALID;;;;;;;;NULL;0;Right;(0.000, 0.000, 0.000, 0.000);(0.000, 0.000, 0.000)
1726049712;545975;1001989781995920078;63861653712652;(-0.606, 0.783, 1.975);(0.023, -0.148, -0.009, 0.989);INVALID;;;;INVALID;;;;;;INVALID;;;;;;;;NULL;0;Right;(0.000, 0.000, 0.000, 0.000);(0.000, 0.000, 0.000)
1726049712;545995;1001989782095961240;63861653712762;(-0.606, 0.783, 1.975);(0.023, -0.147, -0.009, 0.989);INVALID;;;;INVALID;;;;;;INVALID;;;;;;;;NULL;0;Right;(0.000, 0.000, 0.000, 0.000);(0.000, 0.000, 0.000)
1726049712;546015;1001989782196000469;63861653712853;(-0.606, 0.783, 1.975);(0.023, -0.148, -0.010, 0.989);INVALID;;;;INVALID;;;;;;INVALID;;;;;;;;NULL;0;Right;(0.000, 0.000, 0.000, 0.000);(0.000, 0.000, 0.000)
1726049712;546035;1001989782296036462;63861653712965;(-0.606, 0.783, 1.975);(0.023, -0.147, -0.009, 0.989);INVALID;;;;INVALID;;;;;;INVALID;;;;;;;;NULL;0;Right;(0.000, 0.000, 0.000, 0.000);(0.000, 0.000, 0.000)
1726049713;546055;1001989782396079795;63861653713052;(-0.606, 0.783, 1.975);(0.023, -0.148, -0.009, 0.989);INVALID;;;;INVALID;;;;;;INVALID;;;;;;;;NULL;0;Right;(0.000, 0.000, 0.000, 0.000);(0.000, 0.000, 0.000)
1726049713;546075;1001989782496119242;63861653713164;(-0.606, 0.783, 1.975);(0.023, -0.148, -0.009, 0.989);INVALID;;;;INVALID;;;;;;INVALID;;;;;;;;NULL;0;Right;(0.000, 0.000, 0.000, 0.000);(0.000, 0.000, 0.000)
1726049713;546095;1001989782596157540;63861653713253;(-0.606, 0.783, 1.975);(0.023, -0.148, -0.009, 0.989);INVALID;;;;INVALID;;;;;;INVALID;;;;;;;;NULL;0;Right;(0.000, 0.000, 0.000, 0.000);(0.000, 0.000, 0.000)
1726049713;546115;1001989782696191934;63861653713364;(-0.606, 0.783, 1.975);(0.023, -0.148, -0.009, 0.989);INVALID;;;;INVALID;;;;;;INVALID;;;;;;;;NULL;0;Right;(0.000, 0.000, 0.000, 0.000);(0.000, 0.000, 0.000)
1726049713;546135;1001989782796233541;63861653713454;(-0.606, 0.783, 1.975);(0.023, -0.148, -0.009, 0.989);INVALID;;;;INVALID;;;;;;INVALID;;;;;;;;NULL;0;Right;(0.000, 0.000, 0.000, 0.000);(0.000, 0.000, 0.000)
1726049713;546155;1001989782896271639;63861653713564;(-0.606, 0.783, 1.975);(0.024, -0.148, -0.009, 0.989);INVALID;;;;INVALID;;;;;;INVALID;;;;;;;;NULL;0;Right;(0.000, 0.000, 0.000, 0.000);(0.000, 0.000, 0.000)
1726049713;546175;1001989782996308063;63861653713674;(-0.606, 0.783, 1.975);(0.023, -0.148, -0.009, 0.989);INVALID;;;;INVALID;;;;;;INVALID;;;;;;;;NULL;0;Right;(0.000, 0.000, 0.000, 0.000);(0.000, 0.000, 0.000)
1726049713;546195;1001989783096351497;63861653713763;(-0.606, 0.783, 1.975);(0.023, -0.147, -0.009, 0.989);INVALID;;;;INVALID;;;;;;INVALID;;;;;;;;NULL;0;Right;(0.000, 0.000, 0.000, 0.000);(0.000, 0.000, 0.000)
1726049713;546215;1001989783196392069;63861653713873;(-0.606, 0.783, 1.975);(0.023, -0.148, -0.009, 0.989);INVALID;;;;INVALID;;;;;;INVALID;;;;;;;;NULL;0;Right;(0.000, 0.000, 0.000, 0.000);(0.000, 0.000, 0.000)
1726049713;546235;1001989783296428926;63861653713963;(-0.606, 0.783, 1.975);(0.024, -0.148, -0.009, 0.989);INVALID;;;;INVALID;;;;;;INVALID;;;;;;;;NULL;0;Right;(0.000, 0.000, 0.000, 0.000);(0.000, 0.000, 0.000)
1726049714;546255;1001989783396463710;63861653714074;(-0.606, 0.783, 1.975);(0.023, -0.148, -0.009, 0.989);INVALID;;;;INVALID;;;;;;INVALID;;;;;;;;NULL;0;Right;(0.000, 0.000, 0.000, 0.000);(0.000, 0.000, 0.000)
1726049714;546275;1001989783496504455;63861653714163;(-0.606, 0.783, 1.975);(0.023, -0.148, -0.009, 0.989);INVALID;;;;INVALID;;;;;;INVALID;;;;;;;;NULL;0;Right;(0.000, 0.000, 0.000, 0.000);(0.000, 0.000, 0.000)
1726049714;546295;1001989783596543255;63861653714253;(-0.606, 0.783, 1.975);(0.023, -0.147, -0.009, 0.989);INVALID;;;;INVALID;;;;;;INVALID;;;;;;;;NULL;0;Right;(0.000, 0.000, 0.000, 0.000);(0.000, 0.000, 0.000)
1726049714;546315;1001989783696579042;63861653714363;(-0.606, 0.783, 1.975);(0.023, -0.148, -0.009, 0.989);INVALID;;;;INVALID;;;;;;INVALID;;;;;;;;NULL;0;Right;(0.000, 0.000, 0.000, 0.000);(0.000, 0.000, 0.000)
1726049714;546335;1001989783796621620;63861653714453;(-0.606, 0.783, 1.975);(0.023, -0.148, -0.009, 0.989);INVALID;;;;INVALID;;;;;;INVALID;;;;;;;;NULL;0;Right;(0.000, 0.000, 0.000, 0.000);(0.000, 0.000, 0.000)
1726049714;546355;1001989783896660329;63861653714565;(-0.606, 0.783, 1.975);(0.023, -0.148, -0.010, 0.989);INVALID;;;;INVALID;;;;;;INVALID;;;;;;;;NULL;0;Right;(0.000, 0.000, 0.000, 0.000);(0.000, 0.000, 0.000)
1726049714;546375;1001989783996697571;63861653714675;(-0.606, 0.783, 1.975);(0.024, -0.148, -0.009, 0.989);INVALID;;;;INVALID;;;;;;INVALID;;;;;;;;NULL;0;Right;(0.000, 0.000, 0.000, 0.000);(0.000, 0.000, 0.000)
1726049714;546395;1001989784096731642;63861653714764;(-0.606, 0.783, 1.975);(0.023, -0.148, -0.009, 0.989);INVALID;;;;INVALID;;;;;;INVALID;;;;;;;;NULL;0;Right;(0.000, 0.000, 0.000, 0.000);(0.000, 0.000, 0.000)
1726049714;546415;1001989784196772888;63861653714874;(-0.606, 0.783, 1.975);(0.024, -0.148, -0.010, 0.989);INVALID;;;;INVALID;;;;;;INVALID;;;;;;;;NULL;0;Right;(0.000, 0.000, 0.000, 0.000);(0.000, 0.000, 0.000)
1726049714;546435;1001989784296811325;63861653714964;(-0.606, 0.783, 1.975);(0.024, -0.148, -0.010, 0.989);INVALID;;;;INVALID;;;;;;INVALID;;;;;;;;NULL;0;Right;(0.000, 0.000, 0.000, 0.000);(0.000, 0.000, 0.000)
1726049715;546455;1001989784396848306;63861653715053;(-0.606, 0.783, 1.975);(0.023, -0.148, -0.010, 0.989);INVALID;;;;INVALID;;;;;;INVALID;;;;;;;;NULL;0;Right;(0.000, 0.000, 0.000, 0.000);(0.000, 0.000, 0.000)
1726049715;546475;1001989784496891503;63861653715163;(-0.606, 0.783, 1.975);(0.023, -0.148, -0.010, 0.989);INVALID;;;;INVALID;;;;;;INVALID;;;;;;;;NULL;0;Right;(0.000, 0.000, 0.000, 0.000);(0.000, 0.000, 0.000)
1726049715;546495;1001989784596932062;63861653715276;(-0.606, 0.783, 1.975);(0.023, -0.148, -0.010, 0.989);INVALID;;;;INVALID;;;;;;INVALID;;;;;;;;NULL;0;Right;(0.000, 0.000, 0.000, 0.000);(0.000, 0.000, 0.000)
1726049715;546515;1001989784696974324;63861653715364;(-0.606, 0.783, 1.975);(0.023, -0.148, -0.010, 0.989);INVALID;;;;INVALID;;;;;;INVALID;;;;;;;;NULL;0;Right;(0.000, 0.000, 0.000, 0.000);(0.000, 0.000, 0.000)
1726049715;546535;1001989784797017379;63861653715474;(-0.606, 0.783, 1.975);(0.024, -0.148, -0.010, 0.989);INVALID;;;;INVALID;;;;;;INVALID;;;;;;;;NULL;0;Right;(0.000, 0.000, 0.000, 0.000);(0.000, 0.000, 0.000)
1726049715;546555;1001989784897056613;63861653715564;(-0.606, 0.783, 1.975);(0.024, -0.148, -0.010, 0.989);INVALID;;;;INVALID;;;;;;INVALID;;;;;;;;NULL;0;Right;(0.000, 0.000, 0.000, 0.000);(0.000, 0.000, 0.000)
1726049715;546575;1001989784997093555;63861653715654;(-0.606, 0.783, 1.975);(0.024, -0.148, -0.010, 0.989);INVALID;;;;INVALID;;;;;;INVALID;;;;;;;;NULL;0;Right;(0.000, 0.000, 0.000, 0.000);(0.000, 0.000, 0.000)
1726049715;546595;1001989785097128123;63861653715764;(-0.606, 0.783, 1.975);(0.023, -0.148, -0.010, 0.989);INVALID;;;;INVALID;;;;;;INVALID;;;;;;;;NULL;0;Right;(0.000, 0.000, 0.000, 0.000);(0.000, 0.000, 0.000)
1726049715;546615;1001989785197171446;63861653715874;(-0.606, 0.783, 1.975);(0.024, -0.148, -0.010, 0.989);INVALID;;;;INVALID;;;;;;INVALID;;;;;;;;NULL;0;Right;(0.000, 0.000, 0.000, 0.000);(0.000, 0.000, 0.000)
1726049715;546635;1001989785297210167;63861653715963;(-0.606, 0.783, 1.975);(0.024, -0.148, -0.010, 0.989);INVALID;;;;INVALID;;;;;;INVALID;;;;;;;;NULL;0;Right;(0.000, 0.000, 0.000, 0.000);(0.000, 0.000, 0.000)
1726049716;546655;1001989785397247032;63861653716074;(-0.606, 0.783, 1.975);(0.024, -0.148, -0.010, 0.989);INVALID;;;;INVALID;;;;;;INVALID;;;;;;;;NULL;0;Right;(0.000, 0.000, 0.000, 0.000);(0.000, 0.000, 0.000)
1726049716;546675;1001989785497289364;63861653716165;(-0.606, 0.783, 1.975);(0.024, -0.148, -0.010, 0.989);INVALID;;;;INVALID;;;;;;INVALID;;;;;;;;NULL;0;Right;(0.000, 0.000, 0.000, 0.000);(0.000, 0.000, 0.000)
1726049716;546695;1001989785597328218;63861653716277;(-0.606, 0.783, 1.975);(0.024, -0.148, -0.010, 0.989);INVALID;;;;INVALID;;;;;;INVALID;;;;;;;;NULL;0;Right;(0.000, 0.000, 0.000, 0.000);(0.000, 0.000, 0.000)
1726049716;546715;1001989785697364852;63861653716364;(-0.606, 0.783, 1.975);(0.024, -0.148, -0.010, 0.989);INVALID;;;;INVALID;;;;;;INVALID;;;;;;;;NULL;0;Right;(0.000, 0.000, 0.000, 0.000);(0.000, 0.000, 0.000)
1726049716;546735;1001989785797399374;63861653716475;(-0.606, 0.783, 1.975);(0.024, -0.148, -0.010, 0.989);INVALID;;;;INVALID;;;;;;INVALID;;;;;;;;NULL;0;Right;(0.000, 0.000, 0.000, 0.000);(0.000, 0.000, 0.000)
1726049716;546755;1001989785897439379;63861653716563;(-0.606, 0.783, 1.975);(0.024, -0.148, -0.010, 0.989);INVALID;;;;INVALID;;;;;;INVALID;;;;;;;;NULL;0;Right;(0.000, 0.000, 0.000, 0.000);(0.000, 0.000, 0.000)
1726049716;546775;1001989785997478219;63861653716674;(-0.606, 0.783, 1.975);(0.024, -0.148, -0.010, 0.989);INVALID;;;;INVALID;;;;;;INVALID;;;;;;;;NULL;0;Right;(0.000, 0.000, 0.000, 0.000);(0.000, 0.000, 0.000)
1726049716;546795;1001989786097514665;63861653716764;(-0.606, 0.783, 1.975);(0.024, -0.147, -0.010, 0.989);INVALID;;;;INVALID;;;;;;INVALID;;;;;;;;NULL;0;Right;(0.000, 0.000, 0.000, 0.000);(0.000, 0.000, 0.000)
1726049716;546815;1001989786197557597;63861653716874;(-0.606, 0.783, 1.975);(0.024, -0.148, -0.010, 0.989);INVALID;;;;INVALID;;;;;;INVALID;;;;;;;;NULL;0;Right;(0.000, 0.000, 0.000, 0.000);(0.000, 0.000, 0.000)
1726049716;546835;1001989786297596817;63861653716966;(-0.606, 0.783, 1.975);(0.024, -0.148, -0.010, 0.989);INVALID;;;;INVALID;;;;;;INVALID;;;;;;;;NULL;0;Right;(0.000, 0.000, 0.000, 0.000);(0.000, 0.000, 0.000)
1726049717;546855;1001989786397633317;63861653717058;(-0.606, 0.783, 1.975);(0.023, -0.148, -0.010, 0.989);INVALID;;;;INVALID;;;;;;INVALID;;;;;;;;NULL;0;Right;(0.000, 0.000, 0.000, 0.000);(0.000, 0.000, 0.000)
1726049717;546875;1001989786497675670;63861653717163;(-0.606, 0.783, 1.975);(0.023, -0.148, -0.010, 0.989);INVALID;;;;INVALID;;;;;;INVALID;;;;;;;;NULL;0;Right;(0.000, 0.000, 0.000, 0.000);(0.000, 0.000, 0.000)
1726049717;546895;1001989786597716908;63861653717272;(-0.606, 0.783, 1.975);(0.023, -0.148, -0.010, 0.989);INVALID;;;;INVALID;;;;;;INVALID;;;;;;;;NULL;0;Right;(0.000, 0.000, 0.000, 0.000);(0.000, 0.000, 0.000)
1726049717;546915;1001989786697754916;63861653717362;(-0.606, 0.783, 1.975);(0.024, -0.148, -0.010, 0.989);INVALID;;;;INVALID;;;;;;INVALID;;;;;;;;NULL;0;Right;(0.000, 0.000, 0.000, 0.000);(0.000, 0.000, 0.000)
1726049717;546935;1001989786797789863;63861653717474;(-0.606, 0.783, 1.975);(0.024, -0.148, -0.010, 0.989);INVALID;;;;INVALID;;;;;;INVALID;;;;;;;;NULL;0;Right;(0.000, 0.000, 0.000, 0.000);(0.000, 0.000, 0.000)
1726049717;546955;1001989786897830613;63861653717564;(-0.606, 0.783, 1.975);(0.023, -0.148, -0.010, 0.989);INVALID;;;;INVALID;;;;;;INVALID;;;;;;;;NULL;0;Right;(0.000, 0.000, 0.000, 0.000);(0.000, 0.000, 0.000)
1726049717;546975;1001989786997869484;63861653717675;(-0.606, 0.783, 1.975);(0.023, -0.147, -0.010, 0.989);INVALID;;;;INVALID;;;;;;INVALID;;;;;;;;NULL;0;Right;(0.000, 0.000, 0.000, 0.000);(0.000, 0.000, 0.000)
1726049717;546995;1001989787097905109;63861653717764;(-0.606, 0.783, 1.975);(0.023, -0.148, -0.010, 0.989);INVALID;;;;INVALID;;;;;;INVALID;;;;;;;;NULL;0;Right;(0.000, 0.000, 0.000, 0.000);(0.000, 0.000, 0.000)
1726049717;547015;1001989787197948615;63861653717874;(-0.606, 0.783, 1.975);(0.024, -0.148, -0.010, 0.989);INVALID;;;;INVALID;;;;;;INVALID;;;;;;;;NULL;0;Right;(0.000, 0.000, 0.000, 0.000);(0.000, 0.000, 0.000)
1726049717;547035;1001989787297987285;63861653717963;(-0.606, 0.783, 1.975);(0.023, -0.148, -0.010, 0.989);INVALID;;;;INVALID;;;;;;INVALID;;;;;;;;NULL;0;Right;(0.000, 0.000, 0.000, 0.000);(0.000, 0.000, 0.000)
1726049718;547055;1001989787398024109;63861653718076;(-0.606, 0.783, 1.975);(0.023, -0.148, -0.010, 0.989);INVALID;;;;INVALID;;;;;;INVALID;;;;;;;;NULL;0;Right;(0.000, 0.000, 0.000, 0.000);(0.000, 0.000, 0.000)
1726049718;547075;1001989787498057972;63861653718163;(-0.606, 0.783, 1.975);(0.024, -0.148, -0.010, 0.989);INVALID;;;;INVALID;;;;;;INVALID;;;;;;;;NULL;0;Right;(0.000, 0.000, 0.000, 0.000);(0.000, 0.000, 0.000)
1726049718;547094;1001989787593098352;63861653718252;(-0.606, 0.783, 1.975);(0.024, -0.148, -0.010, 0.989);INVALID;;;;INVALID;;;;;;INVALID;;;;;;;;NULL;0;Right;(0.000, 0.000, 0.000, 0.000);(0.000, 0.000, 0.000)
1726049718;547114;1001989787693135687;63861653718363;(-0.606, 0.783, 1.975);(0.024, -0.148, -0.010, 0.989);INVALID;;;;INVALID;;;;;;INVALID;;;;;;;;NULL;0;Right;(0.000, 0.000, 0.000, 0.000);(0.000, 0.000, 0.000)
1726049718;547134;1001989787793171151;63861653718451;(-0.606, 0.783, 1.975);(0.024, -0.148, -0.010, 0.989);INVALID;;;;INVALID;;;;;;INVALID;;;;;;;;NULL;0;Right;(0.000, 0.000, 0.000, 0.000);(0.000, 0.000, 0.000)
1726049718;547154;1001989787893212176;63861653718688;(-0.606, 0.783, 1.975);(0.024, -0.148, -0.010, 0.989);INVALID;;;;INVALID;;;;;;INVALID;;;;;;;;NULL;0;Right;(0.000, 0.000, 0.000, 0.000);(0.000, 0.000, 0.000)
1726049718;547174;1001989787993250822;63861653718688;(-0.606, 0.783, 1.975);(0.024, -0.148, -0.010, 0.989);INVALID;;;;INVALID;;;;;;INVALID;;;;;;;;NULL;0;Right;(0.000, 0.000, 0.000, 0.000);(0.000, 0.000, 0.000)
1726049718;547194;1001989788093287389;63861653718778;(-0.606, 0.783, 1.975);(0.024, -0.148, -0.010, 0.989);INVALID;;;;INVALID;;;;;;INVALID;;;;;;;;NULL;0;Right;(0.000, 0.000, 0.000, 0.000);(0.000, 0.000, 0.000)
1726049718;547214;1001989788193320931;63861653718866;(-0.606, 0.783, 1.975);(0.023, -0.148, -0.010, 0.989);INVALID;;;;INVALID;;;;;;INVALID;;;;;;;;NULL;0;Right;(0.000, 0.000, 0.000, 0.000);(0.000, 0.000, 0.000)
1726049718;547234;1001989788293361696;63861653718954;(-0.606, 0.783, 1.975);(0.024, -0.148, -0.010, 0.989);INVALID;;;;INVALID;;;;;;INVALID;;;;;;;;NULL;0;Right;(0.000, 0.000, 0.000, 0.000);(0.000, 0.000, 0.000)
1726049719;547254;1001989788393399524;63861653719131;(-0.606, 0.783, 1.975);(0.023, -0.148, -0.010, 0.989);INVALID;;;;INVALID;;;;;;INVALID;;;;;;;;NULL;0;Right;(0.000, 0.000, 0.000, 0.000);(0.000, 0.000, 0.000)
1726049719;547274;1001989788493434617;63861653719221;(-0.606, 0.783, 1.975);(0.023, -0.148, -0.010, 0.989);INVALID;;;;INVALID;;;;;;INVALID;;;;;;;;NULL;0;Right;(0.000, 0.000, 0.000, 0.000);(0.000, 0.000, 0.000)
1726049719;547294;1001989788593475664;63861653719310;(-0.606, 0.783, 1.975);(0.024, -0.148, -0.010, 0.989);INVALID;;;;INVALID;;;;;;INVALID;;;;;;;;NULL;0;Right;(0.000, 0.000, 0.000, 0.000);(0.000, 0.000, 0.000)
1726049719;547314;1001989788693514344;63861653719398;(-0.606, 0.783, 1.975);(0.024, -0.147, -0.010, 0.989);INVALID;;;;INVALID;;;;;;INVALID;;;;;;;;NULL;0;Right;(0.000, 0.000, 0.000, 0.000);(0.000, 0.000, 0.000)
1726049719;547334;1001989788793550655;63861653719485;(-0.606, 0.783, 1.975);(0.024, -0.148, -0.010, 0.989);INVALID;;;;INVALID;;;;;;INVALID;;;;;;;;NULL;0;Right;(0.000, 0.000, 0.000, 0.000);(0.000, 0.000, 0.000)
1726049719;547354;1001989788893592878;63861653719574;(-0.606, 0.783, 1.975);(0.024, -0.147, -0.009, 0.989);INVALID;;;;INVALID;;;;;;INVALID;;;;;;;;NULL;0;Right;(0.000, 0.000, 0.000, 0.000);(0.000, 0.000, 0.000)
1726049719;547374;1001989788993632595;63861653719725;(-0.606, 0.783, 1.975);(0.024, -0.147, -0.010, 0.989);INVALID;;;;INVALID;;;;;;INVALID;;;;;;;;NULL;0;Right;(0.000, 0.000, 0.000, 0.000);(0.000, 0.000, 0.000)
1726049719;547394;1001989789093670423;63861653719762;(-0.606, 0.783, 1.975);(0.023, -0.148, -0.010, 0.989);INVALID;;;;INVALID;;;;;;INVALID;;;;;;;;NULL;0;Right;(0.000, 0.000, 0.000, 0.000);(0.000, 0.000, 0.000)
1726049719;547414;1001989789193706206;63861653719850;(-0.606, 0.783, 1.975);(0.024, -0.148, -0.009, 0.989);INVALID;;;;INVALID;;;;;;INVALID;;;;;;;;NULL;0;Right;(0.000, 0.000, 0.000, 0.000);(0.000, 0.000, 0.000)
1726049719;547434;1001989789293747783;63861653719962;(-0.606, 0.783, 1.975);(0.024, -0.147, -0.009, 0.989);INVALID;;;;INVALID;;;;;;INVALID;;;;;;;;NULL;0;Right;(0.000, 0.000, 0.000, 0.000);(0.000, 0.000, 0.000)
1726049720;547454;1001989789393786723;63861653720053;(-0.606, 0.783, 1.975);(0.023, -0.147, -0.009, 0.989);INVALID;;;;INVALID;;;;;;INVALID;;;;;;;;NULL;0;Right;(0.000, 0.000, 0.000, 0.000);(0.000, 0.000, 0.000)
1726049720;547474;1001989789493822527;63861653720162;(-0.606, 0.783, 1.975);(0.023, -0.147, -0.009, 0.989);INVALID;;;;INVALID;;;;;;INVALID;;;;;;;;NULL;0;Right;(0.000, 0.000, 0.000, 0.000);(0.000, 0.000, 0.000)
1726049720;547494;1001989789593865643;63861653720252;(-0.606, 0.783, 1.975);(0.024, -0.148, -0.009, 0.989);INVALID;;;;INVALID;;;;;;INVALID;;;;;;;;NULL;0;Right;(0.000, 0.000, 0.000, 0.000);(0.000, 0.000, 0.000)
1726049720;547514;1001989789693904914;63861653720366;(-0.606, 0.783, 1.975);(0.023, -0.147, -0.009, 0.989);INVALID;;;;INVALID;;;;;;INVALID;;;;;;;;NULL;0;Right;(0.000, 0.000, 0.000, 0.000);(0.000, 0.000, 0.000)
1726049720;547534;1001989789793942888;63861653720469;(-0.606, 0.783, 1.975);(0.023, -0.148, -0.009, 0.989);INVALID;;;;INVALID;;;;;;INVALID;;;;;;;;NULL;0;Right;(0.000, 0.000, 0.000, 0.000);(0.000, 0.000, 0.000)
1726049720;547554;1001989789893978259;63861653720558;(-0.606, 0.783, 1.975);(0.023, -0.148, -0.009, 0.989);INVALID;;;;INVALID;;;;;;INVALID;;;;;;;;NULL;0;Right;(0.000, 0.000, 0.000, 0.000);(0.000, 0.000, 0.000)
1726049720;547574;1001989789994019592;63861653720651;(-0.606, 0.783, 1.975);(0.023, -0.147, -0.009, 0.989);INVALID;;;;INVALID;;;;;;INVALID;;;;;;;;NULL;0;Right;(0.000, 0.000, 0.000, 0.000);(0.000, 0.000, 0.000)
1726049720;547594;1001989790094059369;63861653720765;(-0.606, 0.783, 1.975);(0.024, -0.148, -0.009, 0.989);INVALID;;;;INVALID;;;;;;INVALID;;;;;;;;NULL;0;Right;(0.000, 0.000, 0.000, 0.000);(0.000, 0.000, 0.000)
1726049720;547614;1001989790194095920;63861653720850;(-0.606, 0.783, 1.975);(0.023, -0.148, -0.009, 0.989);INVALID;;;;INVALID;;;;;;INVALID;;;;;;;;NULL;0;Right;(0.000, 0.000, 0.000, 0.000);(0.000, 0.000, 0.000)
1726049720;547634;1001989790294139867;63861653720964;(-0.606, 0.783, 1.975);(0.023, -0.147, -0.009, 0.989);INVALID;;;;INVALID;;;;;;INVALID;;;;;;;;NULL;0;Right;(0.000, 0.000, 0.000, 0.000);(0.000, 0.000, 0.000)
1726049721;547654;1001989790394178856;63861653721052;(-0.606, 0.783, 1.975);(0.023, -0.148, -0.009, 0.989);INVALID;;;;INVALID;;;;;;INVALID;;;;;;;;NULL;0;Right;(0.000, 0.000, 0.000, 0.000);(0.000, 0.000, 0.000)
1726049721;547674;1001989790494215595;63861653721160;(-0.606, 0.783, 1.975);(0.023, -0.148, -0.009, 0.989);INVALID;;;;INVALID;;;;;;INVALID;;;;;;;;NULL;0;Right;(0.000, 0.000, 0.000, 0.000);(0.000, 0.000, 0.000)
1726049721;547694;1001989790594251481;63861653721272;(-0.606, 0.783, 1.975);(0.024, -0.148, -0.009, 0.989);INVALID;;;;INVALID;;;;;;INVALID;;;;;;;;NULL;0;Right;(0.000, 0.000, 0.000, 0.000);(0.000, 0.000, 0.000)
1726049721;547714;1001989790694291467;63861653721362;(-0.606, 0.783, 1.975);(0.023, -0.147, -0.009, 0.989);INVALID;;;;INVALID;;;;;;INVALID;;;;;;;;NULL;0;Right;(0.000, 0.000, 0.000, 0.000);(0.000, 0.000, 0.000)
1726049721;547734;1001989790794329893;63861653721455;(-0.606, 0.783, 1.975);(0.023, -0.148, -0.009, 0.989);INVALID;;;;INVALID;;;;;;INVALID;;;;;;;;NULL;0;Right;(0.000, 0.000, 0.000, 0.000);(0.000, 0.000, 0.000)
1726049721;547754;1001989790894364895;63861653721564;(-0.606, 0.784, 1.975);(0.023, -0.148, -0.009, 0.989);INVALID;;;;INVALID;;;;;;INVALID;;;;;;;;NULL;0;Right;(0.000, 0.000, 0.000, 0.000);(0.000, 0.000, 0.000)
1726049721;547774;1001989790994407029;63861653721653;(-0.606, 0.783, 1.975);(0.024, -0.148, -0.009, 0.989);INVALID;;;;INVALID;;;;;;INVALID;;;;;;;;NULL;0;Right;(0.000, 0.000, 0.000, 0.000);(0.000, 0.000, 0.000)
1726049721;547794;1001989791094446636;63861653721765;(-0.606, 0.784, 1.975);(0.024, -0.148, -0.009, 0.989);INVALID;;;;INVALID;;;;;;INVALID;;;;;;;;NULL;0;Right;(0.000, 0.000, 0.000, 0.000);(0.000, 0.000, 0.000)
1726049721;547814;1001989791194488064;63861653721878;(-0.606, 0.783, 1.975);(0.023, -0.148, -0.009, 0.989);INVALID;;;;INVALID;;;;;;INVALID;;;;;;;;NULL;0;Right;(0.000, 0.000, 0.000, 0.000);(0.000, 0.000, 0.000)
1726049721;547834;1001989791294530415;63861653721960;(-0.606, 0.783, 1.975);(0.024, -0.148, -0.009, 0.989);INVALID;;;;INVALID;;;;;;INVALID;;;;;;;;NULL;0;Right;(0.000, 0.000, 0.000, 0.000);(0.000, 0.000, 0.000)
1726049722;547854;1001989791394570271;63861653722051;(-0.606, 0.783, 1.975);(0.023, -0.148, -0.009, 0.989);INVALID;;;;INVALID;;;;;;INVALID;;;;;;;;NULL;0;Right;(0.000, 0.000, 0.000, 0.000);(0.000, 0.000, 0.000)
1726049722;547874;1001989791494607230;63861653722159;(-0.606, 0.783, 1.975);(0.023, -0.148, -0.009, 0.989);INVALID;;;;INVALID;;;;;;INVALID;;;;;;;;NULL;0;Right;(0.000, 0.000, 0.000, 0.000);(0.000, 0.000, 0.000)
1726049722;547894;1001989791594642029;63861653722270;(-0.606, 0.783, 1.975);(0.023, -0.148, -0.009, 0.989);INVALID;;;;INVALID;;;;;;INVALID;;;;;;;;NULL;0;Right;(0.000, 0.000, 0.000, 0.000);(0.000, 0.000, 0.000)
1726049722;547914;1001989791694684094;63861653722362;(-0.606, 0.783, 1.975);(0.023, -0.148, -0.009, 0.989);INVALID;;;;INVALID;;;;;;INVALID;;;;;;;;NULL;0;Right;(0.000, 0.000, 0.000, 0.000);(0.000, 0.000, 0.000)
1726049722;547934;1001989791794724548;63861653722475;(-0.606, 0.783, 1.975);(0.024, -0.147, -0.009, 0.989);INVALID;;;;INVALID;;;;;;INVALID;;;;;;;;NULL;0;Right;(0.000, 0.000, 0.000, 0.000);(0.000, 0.000, 0.000)
1726049722;547954;1001989791894761194;63861653722561;(-0.606, 0.783, 1.975);(0.023, -0.147, -0.009, 0.989);INVALID;;;;INVALID;;;;;;INVALID;;;;;;;;NULL;0;Right;(0.000, 0.000, 0.000, 0.000);(0.000, 0.000, 0.000)
1726049722;547974;1001989791994803349;63861653722653;(-0.606, 0.783, 1.975);(0.024, -0.148, -0.009, 0.989);INVALID;;;;INVALID;;;;;;INVALID;;;;;;;;NULL;0;Right;(0.000, 0.000, 0.000, 0.000);(0.000, 0.000, 0.000)
1726049722;547994;1001989792094843263;63861653722763;(-0.606, 0.783, 1.975);(0.023, -0.148, -0.009, 0.989);INVALID;;;;INVALID;;;;;;INVALID;;;;;;;;NULL;0;Right;(0.000, 0.000, 0.000, 0.000);(0.000, 0.000, 0.000)
1726049722;548014;1001989792194880364;63861653722854;(-0.606, 0.783, 1.975);(0.023, -0.148, -0.010, 0.989);INVALID;;;;INVALID;;;;;;INVALID;;;;;;;;NULL;0;Right;(0.000, 0.000, 0.000, 0.000);(0.000, 0.000, 0.000)
1726049722;548034;1001989792294915134;63861653722961;(-0.606, 0.783, 1.975);(0.023, -0.147, -0.009, 0.989);INVALID;;;;INVALID;;;;;;INVALID;;;;;;;;NULL;0;Right;(0.000, 0.000, 0.000, 0.000);(0.000, 0.000, 0.000)
1726049723;548054;1001989792394955672;63861653723071;(-0.606, 0.783, 1.975);(0.023, -0.148, -0.009, 0.989);INVALID;;;;INVALID;;;;;;INVALID;;;;;;;;NULL;0;Right;(0.000, 0.000, 0.000, 0.000);(0.000, 0.000, 0.000)
1726049723;548074;1001989792494993422;63861653723163;(-0.606, 0.783, 1.975);(0.023, -0.148, -0.009, 0.989);INVALID;;;;INVALID;;;;;;INVALID;;;;;;;;NULL;0;Right;(0.000, 0.000, 0.000, 0.000);(0.000, 0.000, 0.000)
1726049723;548094;1001989792595029802;63861653723272;(-0.606, 0.783, 1.975);(0.023, -0.147, -0.010, 0.989);INVALID;;;;INVALID;;;;;;INVALID;;;;;;;;NULL;0;Right;(0.000, 0.000, 0.000, 0.000);(0.000, 0.000, 0.000)
1726049723;548114;1001989792695071829;63861653723361;(-0.606, 0.783, 1.975);(0.024, -0.148, -0.010, 0.989);INVALID;;;;INVALID;;;;;;INVALID;;;;;;;;NULL;0;Right;(0.000, 0.000, 0.000, 0.000);(0.000, 0.000, 0.000)
1726049723;548134;1001989792795111303;63861653723452;(-0.606, 0.783, 1.975);(0.024, -0.148, -0.010, 0.989);INVALID;;;;INVALID;;;;;;INVALID;;;;;;;;NULL;0;Right;(0.000, 0.000, 0.000, 0.000);(0.000, 0.000, 0.000)
1726049723;548154;1001989792895147698;63861653723564;(-0.606, 0.783, 1.975);(0.023, -0.148, -0.010, 0.989);INVALID;;;;INVALID;;;;;;INVALID;;;;;;;;NULL;0;Right;(0.000, 0.000, 0.000, 0.000);(0.000, 0.000, 0.000)
1726049723;548174;1001989792995190830;63861653723653;(-0.606, 0.783, 1.975);(0.024, -0.148, -0.010, 0.989);INVALID;;;;INVALID;;;;;;INVALID;;;;;;;;NULL;0;Right;(0.000, 0.000, 0.000, 0.000);(0.000, 0.000, 0.000)
1726049723;548194;1001989793095230565;63861653723764;(-0.606, 0.783, 1.975);(0.024, -0.148, -0.009, 0.989);INVALID;;;;INVALID;;;;;;INVALID;;;;;;;;NULL;0;Right;(0.000, 0.000, 0.000, 0.000);(0.000, 0.000, 0.000)
1726049723;548214;1001989793195268624;63861653723876;(-0.606, 0.783, 1.975);(0.023, -0.148, -0.010, 0.989);INVALID;;;;INVALID;;;;;;INVALID;;;;;;;;NULL;0;Right;(0.000, 0.000, 0.000, 0.000);(0.000, 0.000, 0.000)
1726049723;548234;1001989793295303350;63861653723961;(-0.606, 0.783, 1.975);(0.024, -0.148, -0.010, 0.989);INVALID;;;;INVALID;;;;;;INVALID;;;;;;;;NULL;0;Right;(0.000, 0.000, 0.000, 0.000);(0.000, 0.000, 0.000)
1726049724;548254;1001989793395344945;63861653724073;(-0.606, 0.783, 1.975);(0.024, -0.148, -0.010, 0.989);INVALID;;;;INVALID;;;;;;INVALID;;;;;;;;NULL;0;Right;(0.000, 0.000, 0.000, 0.000);(0.000, 0.000, 0.000)
1726049724;548274;1001989793495383166;63861653724161;(-0.606, 0.783, 1.975);(0.024, -0.148, -0.009, 0.989);INVALID;;;;INVALID;;;;;;INVALID;;;;;;;;NULL;0;Right;(0.000, 0.000, 0.000, 0.000);(0.000, 0.000, 0.000)
1726049724;548294;1001989793595419437;63861653724254;(-0.606, 0.783, 1.975);(0.024, -0.148, -0.009, 0.989);INVALID;;;;INVALID;;;;;;INVALID;;;;;;;;NULL;0;Right;(0.000, 0.000, 0.000, 0.000);(0.000, 0.000, 0.000)
1726049724;548314;1001989793695462433;63861653724360;(-0.606, 0.783, 1.975);(0.024, -0.148, -0.010, 0.989);INVALID;;;;INVALID;;;;;;INVALID;;;;;;;;NULL;0;Right;(0.000, 0.000, 0.000, 0.000);(0.000, 0.000, 0.000)
1726049724;548334;1001989793795501719;63861653724472;(-0.606, 0.783, 1.975);(0.024, -0.148, -0.010, 0.989);INVALID;;;;INVALID;;;;;;INVALID;;;;;;;;NULL;0;Right;(0.000, 0.000, 0.000, 0.000);(0.000, 0.000, 0.000)
1726049724;548354;1001989793895539232;63861653724564;(-0.606, 0.783, 1.975);(0.024, -0.148, -0.010, 0.989);INVALID;;;;INVALID;;;;;;INVALID;;;;;;;;NULL;0;Right;(0.000, 0.000, 0.000, 0.000);(0.000, 0.000, 0.000)
1726049724;548374;1001989793995574079;63861653724653;(-0.606, 0.783, 1.975);(0.024, -0.148, -0.010, 0.989);INVALID;;;;INVALID;;;;;;INVALID;;;;;;;;NULL;0;Right;(0.000, 0.000, 0.000, 0.000);(0.000, 0.000, 0.000)
1726049724;548394;1001989794095614829;63861653724764;(-0.606, 0.783, 1.975);(0.024, -0.148, -0.010, 0.989);INVALID;;;;INVALID;;;;;;INVALID;;;;;;;;NULL;0;Right;(0.000, 0.000, 0.000, 0.000);(0.000, 0.000, 0.000)
1726049724;548414;1001989794195653393;63861653724851;(-0.606, 0.783, 1.975);(0.024, -0.148, -0.010, 0.989);INVALID;;;;INVALID;;;;;;INVALID;;;;;;;;NULL;0;Right;(0.000, 0.000, 0.000, 0.000);(0.000, 0.000, 0.000)
1726049724;548434;1001989794295689501;63861653724966;(-0.606, 0.783, 1.975);(0.024, -0.148, -0.010, 0.989);INVALID;;;;INVALID;;;;;;INVALID;;;;;;;;NULL;0;Right;(0.000, 0.000, 0.000, 0.000);(0.000, 0.000, 0.000)
1726049725;548454;1001989794395731542;63861653725073;(-0.606, 0.783, 1.975);(0.024, -0.147, -0.010, 0.989);INVALID;;;;INVALID;;;;;;INVALID;;;;;;;;NULL;0;Right;(0.000, 0.000, 0.000, 0.000);(0.000, 0.000, 0.000)
1726049725;548474;1001989794495771585;63861653725162;(-0.606, 0.783, 1.975);(0.024, -0.148, -0.010, 0.989);INVALID;;;;INVALID;;;;;;INVALID;;;;;;;;NULL;0;Right;(0.000, 0.000, 0.000, 0.000);(0.000, 0.000, 0.000)
1726049725;548494;1001989794595808698;63861653725275;(-0.606, 0.783, 1.975);(0.024, -0.148, -0.010, 0.989);INVALID;;;;INVALID;;;;;;INVALID;;;;;;;;NULL;0;Right;(0.000, 0.000, 0.000, 0.000);(0.000, 0.000, 0.000)
1726049725;548514;1001989794695844016;63861653725364;(-0.606, 0.783, 1.975);(0.024, -0.148, -0.010, 0.989);INVALID;;;;INVALID;;;;;;INVALID;;;;;;;;NULL;0;Right;(0.000, 0.000, 0.000, 0.000);(0.000, 0.000, 0.000)
1726049725;548534;1001989794795884576;63861653725474;(-0.606, 0.783, 1.975);(0.024, -0.148, -0.010, 0.989);INVALID;;;;INVALID;;;;;;INVALID;;;;;;;;NULL;0;Right;(0.000, 0.000, 0.000, 0.000);(0.000, 0.000, 0.000)
1726049725;548554;1001989794895922373;63861653725562;(-0.606, 0.783, 1.975);(0.024, -0.148, -0.010, 0.989);INVALID;;;;INVALID;;;;;;INVALID;;;;;;;;NULL;0;Right;(0.000, 0.000, 0.000, 0.000);(0.000, 0.000, 0.000)
1726049725;548574;1001989794995957619;63861653725654;(-0.606, 0.783, 1.975);(0.024, -0.147, -0.010, 0.989);INVALID;;;;INVALID;;;;;;INVALID;;;;;;;;NULL;0;Right;(0.000, 0.000, 0.000, 0.000);(0.000, 0.000, 0.000)
1726049725;548594;1001989795095999940;63861653725766;(-0.606, 0.783, 1.975);(0.024, -0.148, -0.010, 0.989);INVALID;;;;INVALID;;;;;;INVALID;;;;;;;;NULL;0;Right;(0.000, 0.000, 0.000, 0.000);(0.000, 0.000, 0.000)
1726049725;548614;1001989795196038925;63861653725877;(-0.606, 0.783, 1.975);(0.024, -0.148, -0.010, 0.989);INVALID;;;;INVALID;;;;;;INVALID;;;;;;;;NULL;0;Right;(0.000, 0.000, 0.000, 0.000);(0.000, 0.000, 0.000)
1726049725;548634;1001989795296075594;63861653725966;(-0.606, 0.783, 1.975);(0.024, -0.147, -0.010, 0.989);INVALID;;;;INVALID;;;;;;INVALID;;;;;;;;NULL;0;Right;(0.000, 0.000, 0.000, 0.000);(0.000, 0.000, 0.000)
1726049726;548654;1001989795396118312;63861653726074;(-0.606, 0.783, 1.975);(0.024, -0.148, -0.010, 0.989);INVALID;;;;INVALID;;;;;;INVALID;;;;;;;;NULL;0;Right;(0.000, 0.000, 0.000, 0.000);(0.000, 0.000, 0.000)
1726049726;548674;1001989795496158357;63861653726162;(-0.606, 0.783, 1.975);(0.024, -0.148, -0.010, 0.989);INVALID;;;;INVALID;;;;;;INVALID;;;;;;;;NULL;0;Right;(0.000, 0.000, 0.000, 0.000);(0.000, 0.000, 0.000)
1726049726;548694;1001989795596195714;63861653726275;(-0.606, 0.783, 1.975);(0.024, -0.148, -0.010, 0.989);INVALID;;;;INVALID;;;;;;INVALID;;;;;;;;NULL;0;Right;(0.000, 0.000, 0.000, 0.000);(0.000, 0.000, 0.000)
1726049726;548714;1001989795696230797;63861653726365;(-0.606, 0.783, 1.975);(0.024, -0.148, -0.010, 0.989);INVALID;;;;INVALID;;;;;;INVALID;;;;;;;;NULL;0;Right;(0.000, 0.000, 0.000, 0.000);(0.000, 0.000, 0.000)
1726049726;548734;1001989795796271828;63861653726454;(-0.606, 0.783, 1.975);(0.024, -0.148, -0.010, 0.989);INVALID;;;;INVALID;;;;;;INVALID;;;;;;;;NULL;0;Right;(0.000, 0.000, 0.000, 0.000);(0.000, 0.000, 0.000)
1726049726;548754;1001989795896310653;63861653726562;(-0.606, 0.783, 1.975);(0.024, -0.148, -0.010, 0.989);INVALID;;;;INVALID;;;;;;INVALID;;;;;;;;NULL;0;Right;(0.000, 0.000, 0.000, 0.000);(0.000, 0.000, 0.000)
1726049726;548774;1001989795996346590;63861653726655;(-0.606, 0.783, 1.975);(0.024, -0.148, -0.010, 0.989);INVALID;;;;INVALID;;;;;;INVALID;;;;;;;;NULL;0;Right;(0.000, 0.000, 0.000, 0.000);(0.000, 0.000, 0.000)
1726049726;548794;1001989796096389436;63861653726766;(-0.606, 0.783, 1.975);(0.024, -0.148, -0.010, 0.989);INVALID;;;;INVALID;;;;;;INVALID;;;;;;;;NULL;0;Right;(0.000, 0.000, 0.000, 0.000);(0.000, 0.000, 0.000)
1726049726;548814;1001989796196428904;63861653726853;(-0.606, 0.783, 1.975);(0.024, -0.148, -0.010, 0.989);INVALID;;;;INVALID;;;;;;INVALID;;;;;;;;NULL;0;Right;(0.000, 0.000, 0.000, 0.000);(0.000, 0.000, 0.000)
1726049726;548834;1001989796296465327;63861653726962;(-0.606, 0.783, 1.975);(0.024, -0.148, -0.010, 0.989);INVALID;;;;INVALID;;;;;;INVALID;;;;;;;;NULL;0;Right;(0.000, 0.000, 0.000, 0.000);(0.000, 0.000, 0.000)
1726049727;548854;1001989796396500597;63861653727053;(-0.606, 0.783, 1.975);(0.024, -0.148, -0.010, 0.989);INVALID;;;;INVALID;;;;;;INVALID;;;;;;;;NULL;0;Right;(0.000, 0.000, 0.000, 0.000);(0.000, 0.000, 0.000)
1726049727;548874;1001989796496542525;63861653727162;(-0.606, 0.783, 1.975);(0.024, -0.148, -0.009, 0.989);INVALID;;;;INVALID;;;;;;INVALID;;;;;;;;NULL;0;Right;(0.000, 0.000, 0.000, 0.000);(0.000, 0.000, 0.000)
1726049727;548894;1001989796596581270;63861653727275;(-0.606, 0.783, 1.975);(0.024, -0.148, -0.010, 0.989);INVALID;;;;INVALID;;;;;;INVALID;;;;;;;;NULL;0;Right;(0.000, 0.000, 0.000, 0.000);(0.000, 0.000, 0.000)
1726049727;548914;1001989796696617729;63861653727365;(-0.606, 0.783, 1.975);(0.024, -0.148, -0.009, 0.989);INVALID;;;;INVALID;;;;;;INVALID;;;;;;;;NULL;0;Right;(0.000, 0.000, 0.000, 0.000);(0.000, 0.000, 0.000)
1726049727;548934;1001989796796659722;63861653727455;(-0.606, 0.783, 1.975);(0.024, -0.148, -0.009, 0.989);INVALID;;;;INVALID;;;;;;INVALID;;;;;;;;NULL;0;Right;(0.000, 0.000, 0.000, 0.000);(0.000, 0.000, 0.000)
1726049727;548954;1001989796896698689;63861653727564;(-0.606, 0.783, 1.975);(0.024, -0.148, -0.009, 0.989);INVALID;;;;INVALID;;;;;;INVALID;;;;;;;;NULL;0;Right;(0.000, 0.000, 0.000, 0.000);(0.000, 0.000, 0.000)
1726049727;548974;1001989796996737785;63861653727654;(-0.606, 0.783, 1.975);(0.024, -0.148, -0.010, 0.989);INVALID;;;;INVALID;;;;;;INVALID;;;;;;;;NULL;0;Right;(0.000, 0.000, 0.000, 0.000);(0.000, 0.000, 0.000)
1726049727;548994;1001989797096771417;63861653727764;(-0.606, 0.783, 1.975);(0.024, -0.148, -0.010, 0.989);INVALID;;;;INVALID;;;;;;INVALID;;;;;;;;NULL;0;Right;(0.000, 0.000, 0.000, 0.000);(0.000, 0.000, 0.000)
1726049727;549014;1001989797196812313;63861653727856;(-0.606, 0.783, 1.975);(0.024, -0.148, -0.010, 0.989);INVALID;;;;INVALID;;;;;;INVALID;;;;;;;;NULL;0;Right;(0.000, 0.000, 0.000, 0.000);(0.000, 0.000, 0.000)
1726049727;549034;1001989797296853142;63861653727965;(-0.606, 0.783, 1.975);(0.024, -0.148, -0.010, 0.989);INVALID;;;;INVALID;;;;;;INVALID;;;;;;;;NULL;0;Right;(0.000, 0.000, 0.000, 0.000);(0.000, 0.000, 0.000)
1726049728;549054;1001989797396888833;63861653728072;(-0.606, 0.783, 1.975);(0.024, -0.148, -0.009, 0.989);INVALID;;;;INVALID;;;;;;INVALID;;;;;;;;NULL;0;Right;(0.000, 0.000, 0.000, 0.000);(0.000, 0.000, 0.000)
1726049728;549074;1001989797496930177;63861653728162;(-0.606, 0.783, 1.975);(0.024, -0.148, -0.009, 0.989);INVALID;;;;INVALID;;;;;;INVALID;;;;;;;;NULL;0;Right;(0.000, 0.000, 0.000, 0.000);(0.000, 0.000, 0.000)
1726049728;549094;1001989797596969274;63861653728278;(-0.606, 0.783, 1.975);(0.024, -0.148, -0.009, 0.989);INVALID;;;;INVALID;;;;;;INVALID;;;;;;;;NULL;0;Right;(0.000, 0.000, 0.000, 0.000);(0.000, 0.000, 0.000)
1726049728;549114;1001989797697005338;63861653728362;(-0.606, 0.783, 1.975);(0.024, -0.148, -0.009, 0.989);INVALID;;;;INVALID;;;;;;INVALID;;;;;;;;NULL;0;Right;(0.000, 0.000, 0.000, 0.000);(0.000, 0.000, 0.000)
1726049728;549134;1001989797797047947;63861653728453;(-0.606, 0.783, 1.975);(0.024, -0.148, -0.009, 0.989);INVALID;;;;INVALID;;;;;;INVALID;;;;;;;;NULL;0;Right;(0.000, 0.000, 0.000, 0.000);(0.000, 0.000, 0.000)
1726049728;549154;1001989797897088439;63861653728564;(-0.606, 0.783, 1.975);(0.024, -0.148, -0.009, 0.989);INVALID;;;;INVALID;;;;;;INVALID;;;;;;;;NULL;0;Right;(0.000, 0.000, 0.000, 0.000);(0.000, 0.000, 0.000)
1726049728;549174;1001989797997125845;63861653728654;(-0.606, 0.783, 1.975);(0.024, -0.148, -0.009, 0.989);INVALID;;;;INVALID;;;;;;INVALID;;;;;;;;NULL;0;Right;(0.000, 0.000, 0.000, 0.000);(0.000, 0.000, 0.000)
1726049728;549194;1001989798097160565;63861653728764;(-0.606, 0.783, 1.975);(0.024, -0.147, -0.010, 0.989);INVALID;;;;INVALID;;;;;;INVALID;;;;;;;;NULL;0;Right;(0.000, 0.000, 0.000, 0.000);(0.000, 0.000, 0.000)
1726049728;549214;1001989798197204646;63861653728877;(-0.606, 0.783, 1.975);(0.024, -0.148, -0.010, 0.989);INVALID;;;;INVALID;;;;;;INVALID;;;;;;;;NULL;0;Right;(0.000, 0.000, 0.000, 0.000);(0.000, 0.000, 0.000)
1726049728;549234;1001989798297242574;63861653728962;(-0.606, 0.783, 1.975);(0.024, -0.148, -0.009, 0.989);INVALID;;;;INVALID;;;;;;INVALID;;;;;;;;NULL;0;Right;(0.000, 0.000, 0.000, 0.000);(0.000, 0.000, 0.000)
1726049729;549254;1001989798397278410;63861653729053;(-0.606, 0.783, 1.975);(0.024, -0.148, -0.009, 0.989);INVALID;;;;INVALID;;;;;;INVALID;;;;;;;;NULL;0;Right;(0.000, 0.000, 0.000, 0.000);(0.000, 0.000, 0.000)
1726049729;549274;1001989798497320311;63861653729161;(-0.606, 0.783, 1.975);(0.024, -0.148, -0.009, 0.989);INVALID;;;;INVALID;;;;;;INVALID;;;;;;;;NULL;0;Right;(0.000, 0.000, 0.000, 0.000);(0.000, 0.000, 0.000)
1726049729;549294;1001989798597360002;63861653729274;(-0.606, 0.783, 1.975);(0.024, -0.148, -0.009, 0.989);INVALID;;;;INVALID;;;;;;INVALID;;;;;;;;NULL;0;Right;(0.000, 0.000, 0.000, 0.000);(0.000, 0.000, 0.000)
1726049729;549314;1001989798697396453;63861653729364;(-0.606, 0.783, 1.975);(0.024, -0.148, -0.009, 0.989);INVALID;;;;INVALID;;;;;;INVALID;;;;;;;;NULL;0;Right;(0.000, 0.000, 0.000, 0.000);(0.000, 0.000, 0.000)
1726049729;549334;1001989798797430798;63861653729472;(-0.606, 0.783, 1.975);(0.024, -0.147, -0.010, 0.989);INVALID;;;;INVALID;;;;;;INVALID;;;;;;;;NULL;0;Right;(0.000, 0.000, 0.000, 0.000);(0.000, 0.000, 0.000)
1726049729;549354;1001989798897471682;63861653729561;(-0.606, 0.783, 1.975);(0.024, -0.147, -0.009, 0.989);INVALID;;;;INVALID;;;;;;INVALID;;;;;;;;NULL;0;Right;(0.000, 0.000, 0.000, 0.000);(0.000, 0.000, 0.000)
1726049729;549374;1001989798997510478;63861653729673;(-0.606, 0.783, 1.975);(0.024, -0.148, -0.010, 0.989);INVALID;;;;INVALID;;;;;;INVALID;;;;;;;;NULL;0;Right;(0.000, 0.000, 0.000, 0.000);(0.000, 0.000, 0.000)
1726049729;549394;1001989799097546013;63861653729765;(-0.606, 0.783, 1.975);(0.024, -0.148, -0.010, 0.989);INVALID;;;;INVALID;;;;;;INVALID;;;;;;;;NULL;0;Right;(0.000, 0.000, 0.000, 0.000);(0.000, 0.000, 0.000)
1726049729;549414;1001989799197588323;63861653729854;(-0.606, 0.783, 1.975);(0.024, -0.148, -0.010, 0.989);INVALID;;;;INVALID;;;;;;INVALID;;;;;;;;NULL;0;Right;(0.000, 0.000, 0.000, 0.000);(0.000, 0.000, 0.000)
1726049729;549434;1001989799297627860;63861653729960;(-0.606, 0.783, 1.975);(0.024, -0.148, -0.010, 0.989);INVALID;;;;INVALID;;;;;;INVALID;;;;;;;;NULL;0;Right;(0.000, 0.000, 0.000, 0.000);(0.000, 0.000, 0.000)
